City ID,City,Country,Lat,Lng,Max Temp,Humidity,Cloudiness,Wind Speed,Current description
0,Ushuaia,AR,-54.8,-68.3,47.86,57,75,2.3,broken clouds
1,Saint-Philippe,RE,-21.3585,55.7679,71.19,81,43,12.08,scattered clouds
2,Mar Del Plata,AR,-38.0023,-57.5575,53.62,79,0,11.5,clear sky
3,Atuona,PF,-9.8,-139.0333,76.68,72,16,18.37,few clouds
4,Liku,ID,-0.7275,119.8922,73.24,92,73,2.13,broken clouds
5,Mbandaka,CD,0.0487,18.2603,70.34,97,100,2.66,overcast clouds
6,Qaanaaq,GL,77.484,-69.3632,16.18,72,100,6.38,overcast clouds
7,Tilichiki,RU,60.4667,166.1,33.37,73,100,5.97,overcast clouds
8,Port Alfred,ZA,-33.5906,26.891,59.18,89,91,1.99,overcast clouds
9,Bandarbeyla,SO,9.4942,50.8122,77.49,80,92,19.24,overcast clouds
10,Saldanha,ZA,-33.0117,17.9442,57.92,77,0,7.94,clear sky
11,Kumano,JP,34.3442,132.5894,76.12,90,41,9.33,scattered clouds
12,Kodiak,US,57.79,-152.4072,51.31,76,100,8.05,overcast clouds
13,Bredasdorp,ZA,-34.5322,20.0403,51.91,83,0,6.98,clear sky
14,Rocha,UY,-34.4833,-54.3333,54.41,71,42,9.78,scattered clouds
15,Bambous Virieux,MU,-20.3428,57.7575,70.21,78,40,11.5,scattered clouds
16,Rikitea,PF,-23.1203,-134.9692,70.93,73,93,18.03,overcast clouds
17,Adrar,MR,20.5022,-10.0711,94.6,24,95,6.4,overcast clouds
18,Lavrentiya,RU,65.5833,-171.0,37.85,70,1,5.53,clear sky
19,Paita,PE,-5.0892,-81.1144,66.96,77,66,18.1,broken clouds
20,Tete,MZ,-16.1564,33.5867,80.69,36,0,6.91,clear sky
21,Ostrovnoy,RU,68.0531,39.5131,42.87,92,100,8.72,overcast clouds
22,Coquimbo,CL,-29.9533,-71.3436,56.93,71,75,9.22,broken clouds
23,Victor Harbor,AU,-35.5667,138.6167,55.69,94,100,13.31,light rain
24,Cape Town,ZA,-33.9258,18.4232,58.12,70,0,3.44,clear sky
25,Richards Bay,ZA,-28.783,32.0377,70.48,83,97,17.43,overcast clouds
26,Punta Arenas,CL,-53.15,-70.9167,44.71,81,75,8.05,broken clouds
27,Nikolskoye,RU,59.7035,30.7861,46.29,97,100,9.1,overcast clouds
28,Jamestown,US,42.097,-79.2353,57.02,49,0,8.05,clear sky
29,Caravelas,BR,-17.7125,-39.2481,75.88,80,32,11.05,scattered clouds
30,Chokurdakh,RU,70.6333,147.9167,20.98,92,100,5.39,overcast clouds
31,Labuan,MY,5.2767,115.2417,75.56,100,20,2.3,few clouds
32,Mataura,NZ,-46.1927,168.8643,46.47,55,100,5.5,overcast clouds
33,Huangpi,CN,30.8845,114.3779,69.91,78,100,11.18,overcast clouds
34,Vaini,TO,-21.2,-175.2,78.96,83,75,13.8,broken clouds
35,Hobart,AU,-42.8794,147.3294,48.25,72,40,17.27,scattered clouds
36,Oksfjord,NO,70.2396,22.3479,44.78,81,100,7.0,overcast clouds
37,Taitung,TW,22.7583,121.1444,78.78,78,37,4.32,scattered clouds
38,Ust-Nera,RU,64.5667,143.2,6.82,99,95,3.98,overcast clouds
39,Tambopata,PE,-12.7333,-69.1833,91.29,52,20,10.36,few clouds
40,Korla,CN,41.7597,86.1469,49.73,25,4,10.47,clear sky
41,Taltal,CL,-25.4,-70.4833,62.42,63,18,4.88,few clouds
42,Cayenne,GF,4.9333,-52.3333,84.24,70,0,9.22,clear sky
43,Isangel,VU,-19.55,169.2667,75.31,88,100,1.14,overcast clouds
44,Grindavik,IS,63.8424,-22.4338,48.15,93,100,20.71,moderate rain
45,Ancud,CL,-41.8697,-73.8203,48.24,91,100,10.8,light rain
46,Ippy,CF,6.2679,21.2247,69.26,98,93,3.67,overcast clouds
47,Alekseyevsk,RU,57.8406,108.3492,25.77,99,91,2.04,overcast clouds
48,Puerto Ayacucho,VE,5.6639,-67.6236,87.39,65,64,1.61,broken clouds
49,Pangnirtung,CA,66.1451,-65.7125,35.56,51,100,7.72,overcast clouds
50,Pacific Grove,US,36.6177,-121.9166,79.39,71,0,10.36,clear sky
51,Sangmelima,CM,2.9333,11.9833,67.53,98,92,2.62,overcast clouds
52,Mahibadhoo,MV,3.7833,72.9667,81.48,77,100,16.96,overcast clouds
53,Kapaa,US,22.0752,-159.319,84.18,62,0,14.97,clear sky
54,Barrow,US,71.2906,-156.7887,26.62,86,100,19.57,overcast clouds
55,Pokhara,NP,28.2333,83.9833,68.72,73,60,4.47,broken clouds
56,Shelburne,CA,44.0787,-80.2041,62.76,26,15,3.69,few clouds
57,Necochea,AR,-38.5473,-58.7368,54.72,61,59,17.72,broken clouds
58,Nuuk,GL,64.1835,-51.7216,36.88,87,75,5.99,broken clouds
59,Khatanga,RU,71.9667,102.5,14.34,90,99,7.63,overcast clouds
60,Severo-Kurilsk,RU,50.6789,156.125,49.66,89,98,8.84,overcast clouds
61,Huilong,CN,31.8111,121.655,75.92,92,86,25.81,overcast clouds
62,Palauig,PH,15.435,119.9045,80.73,74,86,4.09,overcast clouds
63,Newport,GB,51.5877,-2.9984,60.64,87,100,9.1,overcast clouds
64,Anadyr,RU,64.75,177.4833,30.7,100,100,0.0,light snow
65,Luang Prabang,LA,19.8856,102.1347,70.09,100,94,1.23,overcast clouds
66,Bathsheba,BB,13.2167,-59.5167,84.81,79,40,11.5,scattered clouds
67,Beyneu,KZ,45.3167,55.2,52.95,38,98,10.6,overcast clouds
68,Santa Rosa,PH,14.3122,121.1114,79.09,89,98,5.3,overcast clouds
69,Hilo,US,19.7297,-155.09,90.28,78,20,10.36,few clouds
70,Santa Maria,BR,-29.6842,-53.8069,65.68,63,0,5.21,clear sky
71,Ahipara,NZ,-35.1667,173.1667,57.94,67,71,9.86,broken clouds
72,Sola,VU,-13.8833,167.55,83.07,74,75,0.0,broken clouds
73,Klaksvik,FO,62.2266,-6.589,50.92,96,100,35.46,moderate rain
74,Cabo San Lucas,MX,22.8909,-109.9124,91.71,31,0,12.66,clear sky
75,Albany,US,42.6001,-73.9662,55.89,59,100,5.19,overcast clouds
76,Arraial Do Cabo,BR,-22.9661,-42.0278,69.66,83,75,2.3,broken clouds
77,Hermanus,ZA,-34.4187,19.2345,52.81,75,1,8.68,clear sky
78,Tuktoyaktuk,CA,69.4541,-133.0374,26.17,87,15,11.07,few clouds
79,Sitka,US,57.0531,-135.33,55.29,67,40,4.61,scattered clouds
80,Shaowu,CN,27.3409,117.4831,76.48,67,0,1.48,clear sky
81,Forestville,US,38.8451,-76.875,50.49,88,100,14.97,moderate rain
82,Chuy,UY,-33.6971,-53.4616,56.55,68,41,11.9,scattered clouds
83,Fortuna,US,40.5982,-124.1573,60.66,70,8,6.42,clear sky
84,Porto Novo,BJ,6.4965,2.6036,78.62,86,89,6.22,overcast clouds
85,Luderitz,NA,-26.6481,15.1594,60.37,73,0,19.89,clear sky
86,Ambilobe,MG,-13.2,49.05,67.62,77,29,3.06,scattered clouds
87,La Libertad,EC,-2.2333,-80.9,71.26,83,100,12.66,overcast clouds
88,Yellowknife,CA,62.456,-114.3525,45.43,57,100,8.34,overcast clouds
89,Resistencia,AR,-27.4606,-58.9839,82.38,23,0,11.5,clear sky
90,Hamilton,US,39.1834,-84.5333,71.6,40,0,11.5,clear sky
91,Namatanai,PG,-3.6667,152.4333,80.74,73,100,5.48,overcast clouds
92,Semey,KZ,50.4111,80.2275,31.82,77,0,7.05,clear sky
93,Berga,NO,60.392,5.328,54.16,85,75,10.36,broken clouds
94,Kavieng,PG,-2.5744,150.7967,82.76,72,98,11.5,overcast clouds
95,Aswan,EG,24.0934,32.907,87.71,23,0,11.14,clear sky
96,Chulym,RU,55.0997,80.9572,30.47,82,0,2.3,clear sky
97,Copiapo,CL,-27.3667,-70.3333,56.89,28,0,6.53,clear sky
98,Butaritari,KI,3.0707,172.7902,81.48,73,16,11.21,few clouds
99,Thompson,CA,55.7435,-97.8558,57.99,32,100,5.7,overcast clouds
100,Mahebourg,MU,-20.4081,57.7,70.25,78,40,11.5,scattered clouds
101,Busselton,AU,-33.65,115.3333,47.35,81,0,10.6,clear sky
102,Alofi,NU,-19.0595,-169.9187,80.49,74,75,12.66,broken clouds
103,Cap Malheureux,MU,-19.9842,57.6142,70.47,68,63,5.01,broken clouds
104,Kasongo-Lunda,CD,-6.4667,16.8167,70.45,96,95,1.54,light rain
105,Aksu,CN,41.1231,80.2644,57.51,29,100,5.79,overcast clouds
106,Salekhard,RU,66.53,66.6019,35.1,97,65,10.69,broken clouds
107,Progreso,MX,21.2833,-89.6667,87.12,67,14,13.09,few clouds
108,Esperance,AU,-33.8667,121.9,57.04,90,100,12.01,overcast clouds
109,Castro,BR,-24.7911,-50.0119,60.94,92,82,4.54,broken clouds
110,Vagur,FO,61.4732,-6.8119,50.45,96,100,35.97,moderate rain
111,Pedro Ii,BR,-4.4247,-41.4586,84.0,25,87,3.78,overcast clouds
112,Sao Miguel Dos Campos,BR,-9.7811,-36.0936,76.5,77,7,6.82,clear sky
113,Labuhan,ID,-6.8844,112.2051,77.25,86,59,11.21,broken clouds
114,Volnovakha,UA,47.601,37.4967,53.58,63,99,6.67,overcast clouds
115,Victoria,HK,22.2855,114.1577,83.32,85,11,3.0,few clouds
116,Sibolga,ID,1.7427,98.7792,75.81,89,100,1.36,light rain
117,Koungheul,SN,13.9833,-14.8,83.25,70,98,2.3,overcast clouds
118,Primero De Marzo,PY,-25.153,-56.928,73.09,55,1,4.52,clear sky
119,Iqaluit,CA,63.7506,-68.5145,34.7,93,100,21.0,overcast clouds
120,Honiara,SB,-9.4333,159.95,80.98,82,79,5.75,broken clouds
121,Coos Bay,US,43.3665,-124.2179,66.99,94,100,6.91,overcast clouds
122,Clyde River,CA,70.4692,-68.5914,30.43,100,100,8.05,light snow
123,Vrangel,RU,42.7297,133.0839,45.95,71,100,25.48,moderate rain
124,Maues,BR,-3.3836,-57.7186,90.75,46,73,2.04,broken clouds
125,Airai,TL,-8.9266,125.4092,61.66,92,99,0.92,overcast clouds
126,Norman Wells,CA,65.282,-126.8329,39.79,69,100,2.13,overcast clouds
127,Carnarvon,AU,-24.8667,113.6333,64.74,57,0,12.12,clear sky
128,Nhulunbuy,AU,-12.2333,136.7667,77.61,100,36,2.3,scattered clouds
129,Evensk,RU,61.95,159.2333,30.88,60,100,11.54,overcast clouds
130,San Policarpo,PH,12.1791,125.5072,81.21,78,100,3.71,overcast clouds
131,Hervey Bay,AU,-25.2986,152.8535,65.95,58,3,8.43,clear sky
132,Rybinsk,RU,58.0446,38.8426,47.75,82,37,16.33,scattered clouds
133,Avarua,CK,-21.2078,-159.775,78.85,73,40,19.57,scattered clouds
134,Georgetown,MY,5.4112,100.3354,78.89,90,20,2.3,light rain
135,De Aar,ZA,-30.6497,24.0123,62.19,26,59,9.69,broken clouds
136,Riyadh,SA,24.6877,46.7219,84.34,20,0,8.55,clear sky
137,Santarem,BR,-2.4431,-54.7083,85.93,52,99,3.8,overcast clouds
138,Oistins,BB,13.0667,-59.5333,84.29,79,40,11.5,scattered clouds
139,Sorong,ID,-0.8833,131.25,77.52,88,95,7.87,overcast clouds
140,Luzino,RU,54.9481,73.0353,29.97,74,0,4.47,clear sky
141,Verkhnevilyuysk,RU,63.4453,120.3167,27.18,93,100,6.71,overcast clouds
142,Port Elizabeth,ZA,-33.918,25.5701,61.09,81,0,18.41,clear sky
143,Nikolskiy,RU,60.9151,34.0645,47.12,96,100,12.08,overcast clouds
144,Ullapool,GB,57.8987,-5.1604,59.34,88,100,11.86,heavy intensity rain
145,Leesburg,US,39.1157,-77.5636,54.19,87,100,5.75,light rain
146,Puerto Ayora,EC,-0.7393,-90.3518,75.16,89,95,5.01,overcast clouds
147,Tiksi,RU,71.6872,128.8694,21.15,90,99,10.51,overcast clouds
148,Pevek,RU,69.7008,170.3133,28.76,78,100,8.79,overcast clouds
149,Payo,ID,-3.7508,103.6372,72.7,97,100,0.51,light rain
150,Camabatela,AO,-8.1881,15.375,64.2,96,88,4.72,overcast clouds
151,Juarez,MX,31.7333,-106.4833,85.01,31,75,11.5,broken clouds
152,San Quintin,MX,30.4833,-115.95,71.96,74,70,16.42,broken clouds
153,Helsinki,FI,60.1695,24.9355,47.03,83,20,17.27,few clouds
154,Punta Alta,AR,-38.8759,-62.0736,71.02,38,100,13.78,overcast clouds
155,Kozyatyn,UA,49.7143,28.8339,44.92,84,100,17.05,overcast clouds
156,Praia Da Vitoria,PT,38.7333,-27.0667,71.85,94,20,8.01,few clouds
157,Kaitangata,NZ,-46.2817,169.8464,44.78,59,100,7.76,overcast clouds
158,Tasiilaq,GL,65.6145,-37.6368,37.56,98,100,4.65,light rain
159,Moffat,GB,55.3323,-3.4454,57.61,94,100,17.18,overcast clouds
160,Bluff,NZ,-46.6,168.3333,48.79,70,98,24.56,overcast clouds
161,Upernavik,GL,72.7868,-56.1549,23.22,76,100,8.7,overcast clouds
162,Hithadhoo,MV,-0.6,73.0833,81.88,70,100,14.63,overcast clouds
163,Ponta Do Sol,PT,32.6667,-17.1,70.72,75,30,2.82,scattered clouds
164,Sosnogorsk,RU,63.6023,53.8817,41.65,84,100,3.53,overcast clouds
165,Roros,NO,62.5747,11.3842,40.84,87,40,0.0,scattered clouds
166,Sale,MA,34.0389,-6.8166,74.64,68,0,0.0,clear sky
167,Lodja,CD,-3.4833,23.4333,70.93,79,24,0.56,few clouds
168,Tateyama,JP,34.9833,139.8667,75.6,72,8,13.87,clear sky
169,New Norfolk,AU,-42.7826,147.0587,47.91,75,69,1.48,broken clouds
170,Ilulissat,GL,69.2167,-51.1,33.82,69,75,6.91,broken clouds
171,Balikpapan,ID,-1.2675,116.8289,76.19,94,20,2.3,few clouds
172,Vao,NC,-22.6667,167.4833,69.19,66,31,14.81,scattered clouds
173,Rach Gia,VN,10.0167,105.0833,79.27,78,100,2.57,overcast clouds
174,Ojinaga,MX,29.5667,-104.4167,90.57,28,0,0.0,clear sky
175,Baykit,RU,61.67,96.37,24.19,91,50,1.21,scattered clouds
176,Nome,US,64.5011,-165.4064,44.67,66,100,13.8,overcast clouds
177,Neftcala,AZ,39.3742,49.2472,71.92,64,7,7.05,clear sky
178,Trincomalee,LK,8.5711,81.2335,79.77,76,80,19.62,light rain
179,Kholodnyy,RU,62.7167,147.95,17.17,90,100,5.06,overcast clouds
180,Moose Factory,CA,51.2585,-80.6094,69.8,46,75,16.11,broken clouds
181,Geraldton,AU,-28.7667,114.6,57.61,54,0,13.8,clear sky
182,Taldan,RU,53.6667,124.8,26.51,61,61,9.06,broken clouds
183,Sierre,CH,46.2919,7.5356,60.35,85,5,2.62,clear sky
184,Huarmey,PE,-10.0681,-78.1522,67.68,73,10,12.15,clear sky
185,Maldonado,UY,-34.6667,-54.9167,56.59,70,6,10.27,clear sky
186,Hobyo,SO,5.3505,48.5268,76.5,86,29,20.31,scattered clouds
187,Kayerkan,RU,69.3497,87.7602,33.53,80,100,20.27,overcast clouds
188,Te Anau,NZ,-45.4167,167.7167,46.06,71,100,7.27,overcast clouds
189,Christchurch,NZ,-43.5333,172.6333,54.32,71,8,17.27,clear sky
190,Xuddur,SO,4.1213,43.8894,72.39,69,33,14.76,scattered clouds
191,Bilma,NE,18.6853,12.9164,92.08,13,0,6.13,clear sky
192,Oussouye,SN,12.485,-16.5469,80.69,84,100,4.47,overcast clouds
193,Badnawar,IN,23.0167,75.2167,73.87,66,78,8.05,broken clouds
194,Ribeira Grande,PT,38.5167,-28.7,70.5,82,100,5.55,overcast clouds
195,Acapulco,MX,16.8634,-99.8901,85.82,62,40,9.22,scattered clouds
196,Peachland,CA,49.7665,-119.7357,76.12,26,96,2.46,overcast clouds
197,Kahului,US,20.8947,-156.47,78.96,90,100,11.5,light rain
198,Port Washington,US,40.8257,-73.6982,53.8,74,100,18.41,heavy intensity rain
199,Arenapolis,BR,-14.4503,-56.8461,84.49,59,78,3.02,broken clouds
200,Mount Isa,AU,-20.7333,139.5,64.17,68,27,0.0,scattered clouds
201,Mnogovershinnyy,RU,53.9353,139.9242,32.76,94,100,6.31,light snow
202,Salalah,OM,17.0151,54.0924,77.09,83,40,2.3,scattered clouds
203,Lasem,ID,-6.6922,111.4527,77.23,88,97,7.49,overcast clouds
204,Kamenka,RU,51.3223,42.7678,50.85,71,33,8.97,scattered clouds
205,Leningradskiy,RU,69.3833,178.4167,30.7,93,100,6.93,light snow
206,Comodoro Rivadavia,AR,-45.8667,-67.5,64.26,48,0,12.66,clear sky
207,Muros,ES,42.7762,-9.0603,61.09,90,0,1.1,clear sky
208,Longyearbyen,SJ,78.2186,15.6401,35.44,93,75,2.3,broken clouds
209,Miles City,US,46.4083,-105.8406,56.37,94,100,5.75,light rain
210,Calama,CL,-22.4667,-68.9333,73.89,3,0,24.16,clear sky
211,Campbell River,CA,50.0163,-125.2446,71.98,49,20,4.61,smoke
212,Yulara,AU,-25.2406,130.9889,59.43,76,47,7.85,scattered clouds
213,Cherskiy,RU,68.75,161.3,25.18,81,100,6.17,overcast clouds
214,Noyabrsk,RU,63.1994,75.4507,39.72,94,100,19.35,light rain
215,Villaviciosa,ES,43.4813,-5.4357,68.41,94,63,2.89,broken clouds
216,Flinders,AU,-34.5833,150.8552,55.38,87,91,2.53,overcast clouds
217,Hambantota,LK,6.1241,81.1185,79.0,78,91,18.54,overcast clouds
218,Coahuayana,MX,18.7333,-103.6833,80.49,86,99,4.23,overcast clouds
219,Talnakh,RU,69.4865,88.3972,34.21,87,100,21.59,overcast clouds
220,Atar,MR,20.5169,-13.0499,92.08,33,64,4.07,broken clouds
221,Yar-Sale,RU,66.8333,70.8333,38.61,90,100,13.56,overcast clouds
222,Kempsey,AU,-31.0833,152.8333,57.94,83,8,1.99,clear sky
223,Lebu,CL,-37.6167,-73.65,52.57,90,100,11.07,overcast clouds
224,Dunedin,NZ,-45.8742,170.5036,47.17,54,98,2.93,overcast clouds
225,Ixtapa,MX,20.7,-105.2,87.03,58,100,6.91,overcast clouds
226,Saint-Francois,FR,46.4154,3.9054,48.67,100,15,2.3,fog
227,Ornskoldsvik,SE,63.2909,18.7153,43.75,93,9,8.05,clear sky
228,Satipo,PE,-11.2522,-74.6386,83.91,53,81,1.52,broken clouds
229,Lagoa,PT,39.05,-27.9833,69.51,78,100,5.99,overcast clouds
230,Saint George,US,37.1041,-113.5841,85.42,29,0,11.5,clear sky
231,Ucluelet,CA,48.9329,-125.5528,55.71,77,39,5.84,scattered clouds
232,Babu,CN,24.4167,111.5167,75.56,86,4,0.6,clear sky
233,Olinda,BR,-8.0089,-34.8553,80.33,65,40,9.22,scattered clouds
234,Corinth,GR,37.9407,22.9573,70.9,63,30,3.31,scattered clouds
235,Aden,YE,12.7794,45.0367,86.67,75,87,12.06,overcast clouds
236,Dikson,RU,73.5069,80.5464,32.13,99,100,8.01,snow
237,Lata,PT,40.1629,-8.3327,68.92,56,0,1.14,clear sky
238,Plouzane,FR,48.3833,-4.6167,59.32,94,100,3.44,overcast clouds
239,Dagana,MR,16.5165,-15.5068,92.62,43,94,12.46,overcast clouds
240,Mount Gambier,AU,-37.8333,140.7667,51.28,93,100,10.27,overcast clouds
241,Ketchikan,US,55.3422,-131.6461,54.07,76,0,8.05,clear sky
242,Tevriz,RU,57.509,72.4042,40.89,51,100,9.01,overcast clouds
243,Sambava,MG,-14.2667,50.1667,66.78,88,13,7.81,few clouds
244,Haines Junction,CA,60.7522,-137.5108,58.95,38,98,11.5,overcast clouds
245,Akyab,MM,20.15,92.9,80.04,86,100,7.2,overcast clouds
246,Pangody,RU,65.85,74.4859,38.08,98,100,13.35,light rain
247,Phalodi,IN,27.1333,72.3667,83.84,39,0,11.03,clear sky
248,Vanino,RU,49.0869,140.2543,46.89,91,100,3.96,overcast clouds
249,Tual,ID,-5.6667,132.75,82.76,75,21,2.26,few clouds
250,Yueyang,CN,29.3333,113.0919,73.54,73,94,18.57,overcast clouds
251,Pemangkat,ID,1.1667,108.9667,76.24,90,54,6.69,broken clouds
252,Torbay,CA,47.6666,-52.7314,46.38,65,20,14.97,few clouds
253,Buenos Aires,AR,-34.6132,-58.3772,62.49,62,0,18.41,clear sky
254,Bethel,US,41.3712,-73.414,53.37,71,100,1.99,overcast clouds
255,Bahia Honda,CU,22.9036,-83.1592,80.33,55,4,8.21,clear sky
256,Ascension,US,30.2169,-90.9001,86.07,37,0,4.61,clear sky
257,Tiarei,PF,-17.5333,-149.3333,82.42,81,21,19.95,light rain
258,Svetlyy,RU,54.675,20.1347,53.96,77,12,15.21,few clouds
259,Alugan,PH,12.2188,125.4808,80.62,80,100,3.74,overcast clouds
260,Talusan,PH,7.4267,122.8103,80.89,79,99,3.13,overcast clouds
261,Tahe,CN,52.3333,124.7333,25.9,61,28,7.81,scattered clouds
262,Dongsheng,CN,39.8161,109.9776,31.1,53,0,12.64,clear sky
263,Kruisfontein,ZA,-34.0033,24.7314,57.88,74,100,14.09,overcast clouds
264,Bowen,AU,-20.0167,148.2333,74.8,70,90,17.72,overcast clouds
265,Entre Rios,BR,-11.9419,-38.0844,72.91,70,63,8.12,broken clouds
266,Abnub,EG,27.2696,31.1511,81.46,35,0,10.02,clear sky
267,Gimli,CA,50.6336,-96.9907,59.02,88,96,3.44,overcast clouds
268,Beachwood,US,41.4645,-81.5087,64.35,61,0,12.66,clear sky
269,San Patricio,US,28.017,-97.5169,86.18,29,100,5.41,overcast clouds
270,Bengkulu,ID,-3.8004,102.2655,76.23,89,100,5.32,overcast clouds
271,Mae Hong Son,TH,19.3003,97.9685,70.75,99,99,2.01,overcast clouds
272,Kyabram,AU,-36.3167,145.05,52.88,85,100,5.03,overcast clouds
273,Jega,NG,12.2175,4.3792,83.07,69,37,8.55,scattered clouds
274,Kropotkin,RU,45.4375,40.5756,58.46,53,18,3.6,few clouds
275,Henties Bay,NA,-22.116,14.2845,55.85,89,0,8.03,clear sky
276,Hasaki,JP,35.7333,140.8333,76.21,69,49,16.33,scattered clouds
277,Takefu,JP,35.9039,136.1669,67.89,88,52,8.19,broken clouds
278,Komsomolskiy,UZ,40.4272,71.7189,57.92,47,6,4.61,clear sky
279,Semnan,IR,35.5729,53.3971,69.1,33,0,1.21,clear sky
280,Dalvik,IS,65.9702,-18.5286,48.13,88,100,3.69,overcast clouds
281,Leh,IN,34.1667,77.5833,45.0,47,1,5.28,clear sky
282,Almaznyy,RU,48.0448,40.045,52.2,78,92,6.46,overcast clouds
283,Salinas,US,36.6777,-121.6555,82.56,59,0,14.97,clear sky
284,Kyra,RU,49.5776,111.9753,20.21,84,23,3.42,few clouds
285,Koumac,NC,-20.5667,164.2833,73.6,63,4,13.85,clear sky
286,Key West,US,24.5557,-81.7826,87.8,63,0,10.36,clear sky
287,Provideniya,RU,64.3833,-173.3,37.51,87,100,7.0,overcast clouds
288,Nenjiang,CN,49.1833,125.2167,28.76,52,0,10.27,clear sky
289,Barbacoas,CO,1.6715,-78.1398,80.4,86,82,5.64,moderate rain
290,Orotina,CR,9.912,-84.5234,83.91,78,95,2.46,overcast clouds
291,Port Hardy,CA,50.6996,-127.4199,55.58,88,20,2.3,few clouds
292,Port-Cartier,CA,50.0334,-66.8654,51.48,46,0,9.42,clear sky
293,Alakurtti,RU,66.9672,30.3491,40.91,87,100,0.36,overcast clouds
294,Barra Do Garcas,BR,-15.89,-52.2567,88.38,55,20,4.61,few clouds
295,Ilhabela,BR,-23.7781,-45.3581,67.8,88,90,4.38,overcast clouds
296,Simao,CN,22.7886,100.9748,61.83,98,56,2.08,broken clouds
297,Merauke,ID,-8.4667,140.3333,78.73,86,88,10.71,overcast clouds
298,Igrim,RU,63.1906,64.4162,45.72,89,100,6.69,overcast clouds
299,Russell,US,32.3502,-85.1999,80.01,44,0,8.05,clear sky
300,Padang,ID,-0.9492,100.3543,73.45,85,100,2.75,moderate rain
301,Marienburg,PL,54.0359,19.0266,53.04,89,75,9.91,light rain
302,Siukh,RU,42.5999,46.5446,46.0,90,75,4.25,broken clouds
303,Corinto,GR,37.9407,22.9573,70.9,63,30,3.31,scattered clouds
304,Gandu,BR,-13.7439,-39.4867,73.58,80,12,5.68,few clouds
305,Tabou,CI,4.423,-7.3528,76.1,91,94,6.31,light rain
306,Guerrero Negro,MX,27.9769,-114.0611,73.36,69,77,16.67,broken clouds
307,Santa Fe,AR,-31.6333,-60.7,81.01,34,7,5.99,clear sky
308,Honningsvag,NO,70.9821,25.9704,42.55,87,100,6.91,overcast clouds
309,East London,ZA,-33.0153,27.9116,63.52,74,100,11.54,overcast clouds
310,Santa Branca,BR,-23.3967,-45.8839,64.08,77,100,12.66,overcast clouds
311,Kloulklubed,PW,7.0419,134.2556,82.11,79,100,10.63,heavy intensity rain
312,Singaraja,ID,-8.112,115.0882,79.16,84,93,4.76,overcast clouds
313,Manhumirim,BR,-20.3578,-41.9581,68.85,93,76,2.08,broken clouds
314,Camacha,PT,33.0833,-16.3333,67.42,73,20,3.44,few clouds
315,Novobiryusinskiy,RU,56.9578,97.7076,24.76,97,47,0.78,scattered clouds
316,Montepuez,MZ,-13.1256,38.9997,67.84,59,0,6.44,clear sky
317,Chester,US,40.1254,-75.8749,49.55,90,100,10.36,light rain
318,Souillac,MU,-20.5167,57.5167,70.18,78,40,11.5,scattered clouds
319,Paamiut,GL,61.994,-49.6678,37.45,66,0,15.12,clear sky
320,Aklavik,CA,68.2191,-135.0107,29.03,86,83,6.31,broken clouds
321,Hailar,CN,49.2,119.7,21.47,40,0,7.87,clear sky
322,Sobolevo,RU,54.4299,31.8996,37.29,97,100,14.76,overcast clouds
323,Tuatapere,NZ,-46.1333,167.6833,45.99,72,100,6.98,overcast clouds
324,Suntar,RU,62.1444,117.6319,28.92,96,100,5.64,light snow
325,Shwebo,MM,22.5667,95.7,75.18,95,99,1.54,overcast clouds
326,Cidreira,BR,-30.1811,-50.2056,59.23,67,16,16.11,few clouds
327,Vila Franca Do Campo,PT,37.7167,-25.4333,76.19,92,50,11.05,light rain
328,Santa Vitoria Do Palmar,BR,-33.5189,-53.3681,56.73,68,30,11.52,scattered clouds
329,Naze,JP,28.3667,129.4833,77.92,78,17,8.1,few clouds
330,Grand Forks,US,47.9417,-97.4337,67.93,60,75,8.05,broken clouds
331,Faya,SA,18.3851,42.4509,63.12,55,31,3.94,scattered clouds
332,Voi,KE,-3.3945,38.563,67.82,74,29,7.23,scattered clouds
333,Quang Ngai,VN,15.1167,108.8,74.41,92,70,4.7,broken clouds
334,Kichera,RU,55.9375,110.0997,25.83,76,100,3.58,overcast clouds
335,Petropavlovsk-Kamchatskiy,RU,53.0452,158.6483,43.39,100,75,2.24,light rain
336,Los Llanos De Aridane,ES,28.6585,-17.9182,75.13,54,100,6.91,overcast clouds
337,Tucuman,AR,-26.8241,-65.2226,84.2,28,0,20.71,clear sky
338,Kaputa,ZM,-8.4689,29.6619,76.03,50,9,3.49,clear sky
339,Leander,US,30.5788,-97.8531,89.19,25,77,5.01,broken clouds
340,Agdas,AZ,40.65,47.4761,73.27,75,4,9.17,clear sky
341,Majene,ID,-3.5403,118.9707,77.74,87,98,3.71,overcast clouds
342,Sao Filipe,CV,14.8961,-24.4956,79.41,81,100,14.92,light rain
343,Havre-Saint-Pierre,CA,50.2334,-63.5986,46.76,76,0,17.27,clear sky
344,Bilibino,RU,68.0546,166.4372,23.47,82,100,3.24,overcast clouds
345,Zaltan,LY,32.947,11.8665,74.91,63,53,4.27,broken clouds
346,Hede,CN,33.7681,120.2517,61.92,83,100,22.82,overcast clouds
347,La Union,PE,-5.4,-80.75,78.49,49,57,16.15,broken clouds
348,Moron,AR,-34.6534,-58.6198,64.02,65,12,12.15,few clouds
349,Ngunguru,NZ,-35.6167,174.5,58.35,63,43,5.61,scattered clouds
350,Omsukchan,RU,62.5333,155.8,12.15,97,98,5.03,overcast clouds
351,Adre,TD,13.4667,22.2,73.53,72,100,9.78,overcast clouds
352,Formosa,AR,-26.1775,-58.1781,78.78,34,0,8.05,clear sky
353,Katsuura,JP,35.1333,140.3,75.0,73,25,14.36,scattered clouds
354,Quesnel,CA,52.9999,-122.5029,66.7,59,0,0.0,clear sky
355,Bambanglipuro,ID,-7.95,110.2833,76.37,88,87,5.84,light rain
356,Pochutla,MX,15.7432,-96.4661,87.62,68,12,6.51,few clouds
357,Mbuguni,TZ,-3.5667,36.95,65.77,65,51,5.84,broken clouds
358,Moroni,KM,-11.7022,43.2551,73.83,75,4,1.03,clear sky
359,Denpasar,ID,-8.65,115.2167,76.71,94,40,2.3,scattered clouds
360,Srandakan,ID,-7.9386,110.2506,76.46,88,86,5.77,light rain
361,Yumen,CN,40.2833,97.2,40.8,31,0,14.5,clear sky
362,Ambanja,MG,-13.6833,48.45,69.3,82,30,2.89,scattered clouds
363,Phatthalung,TH,7.5,100.0833,77.88,88,100,2.86,overcast clouds
364,Ginir,ET,7.1333,40.7,61.07,79,100,4.94,light rain
365,Tambacounda,SN,13.7539,-13.7586,82.45,89,40,0.0,thunderstorm
366,Jutai,BR,-5.1833,-68.9,84.63,62,74,3.71,broken clouds
367,Brae,GB,60.3964,-1.353,53.35,93,100,24.05,light rain
368,Price,US,39.5994,-110.8107,66.11,59,100,4.61,overcast clouds
369,Rio Gallegos,AR,-51.6226,-69.2181,53.65,50,0,4.61,clear sky
370,Zhenjiang,CN,32.2092,119.4342,68.81,86,100,3.0,overcast clouds
371,Broome,US,42.2506,-75.833,57.6,57,0,5.75,clear sky
372,Tura,IN,25.5198,90.2201,72.5,97,100,2.77,overcast clouds
373,Cabedelo,BR,-6.9811,-34.8339,77.67,73,3,12.68,clear sky
374,Shimoda,JP,34.6667,138.95,72.1,76,30,7.27,scattered clouds
375,Saskylakh,RU,71.9167,114.0833,15.62,96,99,5.57,overcast clouds
376,Vardo,NO,70.3705,31.1107,37.38,93,100,4.61,overcast clouds
377,Ulladulla,AU,-35.35,150.4667,55.31,75,87,3.27,overcast clouds
378,Igarka,RU,67.4667,86.5833,30.67,82,100,22.59,overcast clouds
379,Mitu,CO,1.1983,-70.1733,81.73,72,73,1.28,broken clouds
380,Erenhot,CN,43.6475,111.9767,32.38,27,0,4.76,clear sky
381,Troitsko-Pechorsk,RU,62.7084,56.1964,42.98,94,100,3.4,overcast clouds
382,Kirakira,SB,-10.4544,161.9205,81.0,81,51,7.52,broken clouds
383,Villa De Reyes,MX,21.8,-100.9333,74.77,33,100,10.71,overcast clouds
384,Agogo,GH,6.8,-1.0819,70.81,95,34,2.57,scattered clouds
385,Tupik,RU,54.4253,119.9327,21.51,63,46,3.65,scattered clouds
386,Urdoma,RU,61.7533,48.5442,47.86,96,100,6.82,overcast clouds
387,Yerbogachen,RU,61.2767,108.0108,24.84,79,48,3.94,scattered clouds
388,Beloha,MG,-25.1667,45.05,66.79,80,0,4.41,clear sky
389,Kupang,ID,-10.1667,123.5833,78.37,83,100,3.58,overcast clouds
390,Olafsvik,IS,64.8945,-23.7142,45.75,71,100,20.11,light rain
391,Tiznit,MA,29.5833,-9.5,79.72,26,0,1.39,clear sky
392,Cordoba,AR,-31.4135,-64.1811,82.42,13,0,20.71,clear sky
393,Xianyang,CN,34.3378,108.7026,58.24,100,100,4.47,overcast clouds
394,Rabo De Peixe,PT,37.8,-25.5833,75.27,78,75,6.91,broken clouds
395,Rio Grande,BR,-32.035,-52.0986,62.71,69,7,14.67,clear sky
396,Maniitsoq,GL,65.4167,-52.9,34.12,71,17,4.68,few clouds
397,Homer,US,59.6425,-151.5483,53.49,63,75,5.99,broken clouds
398,Melendugno,IT,40.2747,18.3368,72.05,88,0,11.5,clear sky
399,Panjab,AF,34.388,67.0233,41.14,23,0,3.36,clear sky
400,Rome,US,34.257,-85.1647,77.47,52,0,10.36,clear sky
401,Portland,US,45.5234,-122.6762,82.47,51,40,5.01,smoke
402,Banyo,CM,6.75,11.8167,66.69,92,100,2.44,overcast clouds
403,Arlit,NE,18.7369,7.3853,94.35,12,1,8.63,clear sky
404,Huanan,CN,46.2167,130.5167,32.59,93,2,5.7,clear sky
405,Eseka,CM,3.65,10.7667,70.61,100,100,1.28,overcast clouds
406,Lazarev,RU,52.225,141.5131,39.47,97,100,18.21,light rain
407,Coihaique,CL,-45.5752,-72.0662,60.75,39,75,9.22,broken clouds
408,Kurilsk,RU,45.2333,147.8833,59.2,92,100,18.23,overcast clouds
409,Cam Ranh,VN,11.9214,109.1591,76.96,94,40,5.75,scattered clouds
410,Morro Bay,US,35.3658,-120.8499,90.59,53,13,8.99,few clouds
411,Surab,PK,28.4914,66.2585,63.7,24,0,7.0,clear sky
412,Port Blair,IN,11.6667,92.75,80.83,84,97,5.61,overcast clouds
413,Ayutla,MX,20.1167,-104.3333,63.45,97,100,2.57,overcast clouds
414,Cheb,CZ,50.0796,12.3739,51.04,94,100,3.11,overcast clouds
415,Poya,NC,-21.35,165.15,73.78,58,54,9.86,broken clouds
416,Kudahuvadhoo,MV,2.6708,72.8944,82.11,74,100,17.69,overcast clouds
417,Whittlesea,ZA,-32.1759,26.8244,53.1,75,91,6.71,overcast clouds
418,Kuusamo,FI,65.9667,29.1833,39.24,100,75,2.3,broken clouds
419,Vilyuysk,RU,63.7553,121.6247,26.4,89,100,7.31,overcast clouds
420,Cim,BA,43.3528,17.7772,63.32,39,20,12.66,few clouds
421,Wenling,CN,28.3669,121.36,76.08,92,2,7.45,clear sky
422,Cachoeira Do Sul,BR,-30.0392,-52.8939,61.77,59,18,7.76,few clouds
423,Dargaville,NZ,-35.9333,173.8833,58.14,70,64,5.32,broken clouds
424,Asau,RO,46.4333,26.4,54.52,81,63,5.03,broken clouds
425,Machinga,MW,-15.1685,35.3,75.94,37,64,3.67,broken clouds
426,Tobol,KZ,52.6844,62.5794,39.22,34,14,6.29,few clouds
427,Sabang,ID,5.8933,95.3214,80.15,82,100,23.78,overcast clouds
428,Margate,GB,51.3813,1.3862,59.9,90,96,5.99,overcast clouds
429,Mujiayingzi,CN,42.1167,118.7833,29.79,48,0,10.69,clear sky
430,Nemuro,JP,43.3236,145.575,65.82,90,81,25.81,broken clouds
431,Golden,US,39.7555,-105.2211,75.18,35,74,3.0,broken clouds
432,Syracuse,IT,37.0881,15.2792,69.39,67,7,10.92,clear sky
433,Cody,US,44.5263,-109.0565,62.91,62,75,4.61,broken clouds
434,Sarakhs,IR,36.5449,61.1577,59.94,30,0,1.43,clear sky
435,Kodinsk,RU,58.6881,99.1844,23.54,94,14,1.72,few clouds
436,Kavaratti,IN,10.5669,72.642,81.3,78,100,15.84,overcast clouds
437,Hare Bay,CA,48.8499,-54.0148,47.55,61,57,5.17,broken clouds
438,Itarema,BR,-2.9248,-39.9167,78.15,78,34,14.18,scattered clouds
439,Bethanien,NA,-26.502,17.1583,63.52,33,0,5.3,clear sky
440,Kushmurun,KZ,52.4503,64.6311,37.74,40,11,5.55,few clouds
441,Oga,IT,46.4631,10.347,48.88,72,76,3.83,broken clouds
442,Feldru,RO,47.2833,24.6,45.63,95,89,4.97,overcast clouds
443,Benghazi,LY,32.1167,20.0667,75.61,68,13,11.27,few clouds
444,Canmore,CA,51.0834,-115.3521,75.31,27,8,8.05,clear sky
445,Tomatlan,MX,19.9333,-105.25,75.74,94,100,2.86,overcast clouds
446,Kailua,US,21.4022,-157.7394,85.98,67,20,12.66,few clouds
447,Kouango,CF,4.9934,19.9619,68.74,96,99,3.53,overcast clouds
448,Santa Lucia,ES,27.9117,-15.5407,68.76,83,0,9.22,clear sky
449,Gornozavodsk,RU,58.3758,58.3211,42.48,85,100,4.45,overcast clouds
450,Rietavas,LT,55.7194,21.9311,48.33,77,98,13.4,overcast clouds
451,Dwarka,IN,22.2394,68.9678,81.07,70,4,7.09,clear sky
452,Ossora,RU,59.2353,163.0719,38.93,78,86,3.4,overcast clouds
453,Half Moon Bay,US,37.4636,-122.4286,80.42,62,0,20.71,clear sky
454,Hirara,JP,24.8,125.2833,81.09,75,3,8.05,clear sky
455,Kalmunai,LK,7.4167,81.8167,79.12,69,86,4.25,overcast clouds
456,Burdeos,PH,14.8436,121.9697,78.73,87,100,7.45,overcast clouds
457,Lamu,KE,-2.2717,40.902,77.22,82,100,13.67,overcast clouds
458,Rorvik,NO,64.8621,11.2373,51.91,93,75,10.36,broken clouds
459,Vitim,RU,59.4511,112.5578,27.27,88,100,3.11,overcast clouds
460,Tavda,RU,58.0425,65.2726,49.75,81,100,9.46,overcast clouds
461,Paciran,ID,-6.8767,112.3761,77.31,87,76,9.22,broken clouds
462,Rincon,US,32.296,-81.2354,64.9,72,100,11.5,overcast clouds
463,Coevorden,NL,52.661,6.7405,53.85,84,84,5.61,broken clouds
464,Juneau,US,58.3019,-134.4197,51.8,88,75,5.75,broken clouds
465,Faanui,PF,-16.4833,-151.75,78.66,75,4,15.03,clear sky
466,San Angelo,US,31.4638,-100.437,86.11,20,0,5.75,clear sky
467,Sangar,RU,63.9242,127.4739,18.12,87,97,3.56,overcast clouds
468,Burkburnett,US,34.0979,-98.5706,85.89,20,0,9.22,clear sky
469,Soure,BR,-0.7167,-48.5233,80.1,81,80,13.89,broken clouds
470,Paraopeba,BR,-19.2757,-44.4033,76.28,53,17,4.43,few clouds
471,Seminole,US,28.7086,-81.2081,80.96,67,75,13.8,broken clouds
472,North Vanlaiphai,IN,23.1333,93.0667,61.9,100,97,1.79,overcast clouds
473,Miraflores,MX,19.2167,-98.8083,75.02,65,88,4.5,overcast clouds
474,Gorontalo,ID,0.5412,123.0595,74.61,93,96,2.98,overcast clouds
475,Egvekinot,RU,66.3167,-179.1667,25.52,78,45,8.46,scattered clouds
476,Birao,CF,10.2849,22.7882,69.58,95,100,4.7,moderate rain
477,Kapoeta,SS,4.7717,33.5903,74.62,75,100,8.41,light rain
478,Abu Dhabi,AE,24.4667,54.3667,87.82,77,0,6.91,clear sky
479,Pinhao,BR,-25.6956,-51.6597,59.63,85,80,1.92,broken clouds
480,Guarapari,BR,-20.6667,-40.4975,73.89,96,100,6.55,overcast clouds
481,San Jose,US,37.3394,-121.895,82.69,52,0,12.66,clear sky
482,Arauca,CO,7.0847,-70.7591,91.4,55,28,3.44,scattered clouds
483,Opuwo,NA,-18.0607,13.84,72.32,32,67,5.61,broken clouds
484,Xining,CN,36.6167,101.7667,40.24,56,96,2.01,overcast clouds
485,Iquitos,PE,-3.7481,-73.2472,87.84,62,20,6.91,few clouds
486,Marsh Harbour,BS,26.5412,-77.0636,80.62,69,44,16.44,scattered clouds
487,Qasigiannguit,GL,68.8193,-51.1922,34.05,87,24,4.94,few clouds
488,Novyy Urengoy,RU,66.0833,76.6333,37.6,97,100,13.89,light rain
489,Seoul,KR,37.5683,126.9778,69.19,94,100,11.5,overcast clouds
490,Hami,CN,42.8,93.45,47.53,15,0,4.43,clear sky
491,Bastia,FR,42.6667,9.3333,63.03,82,0,5.75,clear sky
492,Chapada Dos Guimaraes,BR,-15.4606,-55.7497,82.06,73,71,5.82,broken clouds
493,Cockburn Town,TC,21.4612,-71.1419,85.96,70,40,11.5,scattered clouds
494,Juan Lacaze,UY,-34.4342,-57.4381,65.12,69,9,19.44,clear sky
495,Zarubino,RU,42.63,131.0922,43.43,68,100,21.74,light rain
496,Sao Gabriel Da Cachoeira,BR,-0.1303,-67.0892,80.92,68,97,1.77,overcast clouds
497,Zambezi,ZM,-13.5432,23.1047,66.94,22,22,1.54,few clouds
498,Yermakovskoye,RU,53.2831,92.4003,26.76,72,7,0.67,clear sky
499,Yate,GB,51.5407,-2.4184,60.08,92,100,1.99,overcast clouds
500,Abu Samrah,SY,35.3029,37.1841,74.01,73,0,6.06,clear sky
501,Esna,EG,25.2934,32.554,85.12,35,0,15.48,clear sky
502,Sunland Park,US,31.7965,-106.58,82.81,34,0,5.75,clear sky
503,Kharovsk,RU,59.9642,40.1912,49.95,84,100,11.63,overcast clouds
504,Flin Flon,CA,54.7682,-101.865,58.84,41,40,4.61,smoke
505,Murgab,TM,37.4966,61.9714,57.07,47,0,6.91,clear sky
506,Nanortalik,GL,60.1432,-45.2371,36.59,75,29,13.51,scattered clouds
507,Takab,IR,36.4009,47.1133,55.4,30,6,0.92,clear sky
508,Kaeo,NZ,-35.1,173.7833,64.33,73,21,5.26,few clouds
509,Tuy Hoa,VN,13.0833,109.3,75.61,92,41,3.85,scattered clouds
510,Wanning,CN,18.8003,110.3967,78.94,87,98,2.24,overcast clouds
511,Aranos,NA,-24.1333,19.1167,74.93,16,17,7.36,few clouds
512,Srednekolymsk,RU,67.45,153.6833,24.85,83,97,2.89,overcast clouds
513,Rapid Valley,US,44.0625,-103.1463,65.07,73,100,10.36,overcast clouds
514,Saint Anthony,US,45.0205,-93.218,77.14,44,0,14.97,clear sky
515,Yamada,JP,39.4667,141.95,67.06,87,98,8.48,overcast clouds
516,Akhmim,EG,26.5622,31.745,82.17,36,0,8.66,clear sky
517,Norrtalje,SE,59.758,18.705,50.02,95,27,7.81,scattered clouds
518,Pisco,PE,-13.7,-76.2167,64.45,72,75,14.97,broken clouds
519,Leshukonskoye,RU,64.8989,45.7622,36.25,93,100,4.83,overcast clouds
520,Bristol,US,41.8334,-71.1662,53.82,74,100,5.99,overcast clouds
521,Loa Janan,ID,-0.583,117.095,73.29,96,99,2.28,moderate rain
522,Elko,US,41.0002,-115.5012,71.64,24,0,4.0,clear sky
523,Turochak,RU,52.2576,87.1224,19.49,98,32,2.17,scattered clouds
524,Samarai,PG,-10.6167,150.6667,81.45,81,85,13.85,overcast clouds
525,Kaabong,UG,3.4836,34.1492,67.96,59,95,5.64,overcast clouds
526,Batemans Bay,AU,-35.7167,150.1833,56.1,63,88,2.82,overcast clouds
527,Antalaha,MG,-14.9003,50.2788,67.62,81,48,5.32,scattered clouds
528,Gigmoto,PH,13.7796,124.39,81.12,84,58,4.54,broken clouds
529,Kazerun,IR,29.6195,51.6541,74.16,42,1,2.86,clear sky
530,Farafangana,MG,-22.8167,47.8333,68.41,89,9,7.47,clear sky
531,Uvira,CD,-3.4067,29.1458,75.38,64,55,1.52,broken clouds
532,Roald,NO,62.5833,6.1333,56.16,82,75,10.36,broken clouds
533,Letterkenny,IE,54.95,-7.7333,64.29,80,100,17.36,overcast clouds
534,Lorengau,PG,-2.0226,147.2712,83.84,71,81,8.41,broken clouds
535,Zalantun,CN,48.0,122.7167,28.24,44,0,7.36,clear sky
536,Ballina,AU,-28.8667,153.5667,58.01,99,35,1.61,scattered clouds
537,Tigil,RU,57.8,158.6667,41.95,88,100,8.43,overcast clouds
538,Wuwei,CN,37.9281,102.6414,45.52,62,26,3.85,scattered clouds
539,Baruun-Urt,MN,46.6806,113.2792,23.07,53,1,6.29,clear sky
540,Aguadilla,PR,18.4275,-67.1541,84.65,75,75,6.91,broken clouds
541,Pasighat,IN,28.0667,95.3333,75.54,96,97,2.46,overcast clouds
542,Aykhal,RU,66.0,111.5,10.13,99,98,5.26,overcast clouds
543,Nalvo,PH,16.8096,120.5108,73.35,84,95,3.67,overcast clouds
544,Pato Branco,BR,-26.2286,-52.6706,58.08,90,5,5.5,clear sky
545,Port Shepstone,ZA,-30.7414,30.455,67.8,79,89,16.33,overcast clouds
546,Minna,NG,9.6139,6.5569,74.93,90,94,3.49,moderate rain
547,Kaura Namoda,NG,12.5898,6.5779,80.33,73,4,7.14,clear sky
548,Emerald,AU,-23.5333,148.1667,64.35,80,0,15.84,clear sky
549,Ekhabi,RU,53.5102,142.9671,38.08,97,100,12.28,light rain
550,Baracoa,CU,20.3467,-74.4958,81.09,81,99,2.33,overcast clouds
551,Nezhinskiy,RU,43.9283,42.6856,53.69,90,100,4.5,overcast clouds
552,Tambo,PE,-14.8,-73.9167,42.08,63,96,8.41,overcast clouds
553,Chapais,CA,49.7834,-74.8492,58.78,55,55,7.09,broken clouds
554,Harindanga,IN,22.0383,88.3214,77.49,95,100,3.62,light rain
555,Viedma,AR,-40.8135,-62.9967,55.8,62,100,21.12,overcast clouds
556,Ormara,PK,25.2088,64.6357,79.34,82,4,8.37,clear sky
557,Lady Lake,US,28.9175,-81.9229,79.14,62,59,4.0,broken clouds
558,Anju,KP,39.6178,125.6647,47.44,81,100,11.43,overcast clouds
559,Mecca,SA,21.4267,39.8261,82.69,46,23,2.51,few clouds
560,Ust-Ilimsk,RU,58.0006,102.6619,25.97,93,98,1.95,overcast clouds
561,Zadonsk,RU,52.3904,38.9261,49.15,78,8,15.73,clear sky
562,Sorland,NO,67.667,12.6934,48.06,84,96,22.64,overcast clouds
563,Waipawa,NZ,-41.4122,175.5153,50.77,55,2,6.06,clear sky
564,Conceicao Do Araguaia,BR,-8.2578,-49.2647,90.41,23,30,3.38,scattered clouds
565,Diban,SY,35.0365,40.5167,82.33,18,0,10.74,clear sky
566,Manokwari,ID,-0.8667,134.0833,79.02,77,50,3.85,scattered clouds
567,Bani,DO,18.2833,-70.3333,87.24,76,71,5.82,broken clouds
568,Vostok,RU,46.4856,135.8833,29.26,96,100,9.73,light snow
569,Mayo,US,38.8876,-76.5119,51.78,91,100,11.5,light rain
570,Beringovskiy,RU,63.05,179.3167,34.86,89,100,10.04,overcast clouds
571,Ukiah,US,39.1502,-123.2078,88.43,45,0,3.44,clear sky
572,Mawlaik,MM,23.6333,94.4167,73.56,100,98,1.61,overcast clouds
573,Nioro,GM,13.35,-15.75,78.67,85,98,1.66,light rain
574,Teya,RU,60.3778,92.6267,26.56,88,72,3.51,broken clouds
575,Dorado,PR,18.4588,-66.2677,84.72,84,75,9.22,broken clouds
576,Gazli,UZ,40.1333,63.45,58.48,19,0,5.7,clear sky
577,San Cristobal,VE,7.7669,-72.225,82.58,61,18,4.21,few clouds
578,Blagoyevo,RU,63.3667,47.9167,42.39,94,100,7.65,light rain
579,Laredo,US,27.5064,-99.5075,80.89,50,0,0.0,clear sky
580,Ostersund,SE,63.1792,14.6357,45.05,93,94,7.0,overcast clouds
581,Lompoc,US,34.6391,-120.4579,83.01,67,0,16.11,clear sky
582,Fomboni,KM,-12.28,43.7425,75.61,68,4,2.53,clear sky
583,Fort Nelson,CA,58.8053,-122.7002,56.79,35,75,0.0,broken clouds
584,Canoinhas,BR,-26.1772,-50.39,57.79,95,18,1.92,few clouds
585,Bonthe,SL,7.5264,-12.505,76.59,92,99,4.52,overcast clouds
586,Paramonga,PE,-10.6667,-77.8333,64.22,80,16,10.2,few clouds
587,Vestmannaeyjar,IS,63.4427,-20.2734,50.29,82,100,25.55,overcast clouds
588,Cururupu,BR,-1.8283,-44.8683,75.67,83,50,3.74,scattered clouds
589,Omboue,GA,-1.5746,9.2618,75.76,88,100,4.99,overcast clouds
590,Daru,PG,-9.0763,143.2092,82.02,81,20,15.86,few clouds
591,Laizhou,CN,37.1717,119.9214,52.84,59,100,26.82,overcast clouds
592,Kerchevskiy,RU,59.946,56.2884,45.7,95,100,6.78,overcast clouds
593,Irbil,IQ,36.1926,44.0106,75.02,22,10,6.91,clear sky
594,Batagay-Alyta,RU,67.8006,130.4114,11.41,94,82,5.57,broken clouds
595,Asfi,MA,32.2994,-9.2372,71.73,66,0,7.4,clear sky
596,Temirgoyevskaya,RU,45.1141,40.2803,57.81,66,22,6.24,few clouds
597,Lopsmarka,NO,67.3134,14.4493,48.79,87,100,8.05,overcast clouds
598,Bida,NG,9.0833,6.0167,79.09,80,88,3.06,overcast clouds
599,Morant Bay,JM,17.8815,-76.4093,85.62,84,100,4.85,overcast clouds
600,Vila Velha,BR,-20.3297,-40.2925,76.95,90,75,11.99,broken clouds
601,Methoni,GR,36.8197,21.7049,71.22,75,71,15.82,broken clouds
602,Gunjur,GM,13.2019,-16.7339,78.87,94,40,0.0,light rain
603,Ust-Tsilma,RU,65.441,52.1498,38.1,92,66,1.72,broken clouds
604,Kaifeng,CN,34.7911,114.3483,52.59,83,100,19.24,light rain
605,Pueblo,US,38.2545,-104.6091,79.56,23,0,4.61,clear sky
606,Tonder,DK,54.9331,8.8667,57.24,92,100,1.01,overcast clouds
607,Punta Cardon,VE,11.6581,-70.215,85.21,69,8,22.97,clear sky
608,Namibe,AO,-15.1961,12.1522,67.26,85,98,2.37,overcast clouds
609,Abha,SA,18.2164,42.5053,62.85,59,0,0.0,clear sky
610,Kopavogur,IS,64.1123,-21.913,47.91,81,100,8.05,overcast clouds
611,Sao Joao Da Barra,BR,-21.6403,-41.0511,71.69,92,97,10.58,overcast clouds
612,Atbasar,KZ,51.8,68.3333,33.87,59,8,6.58,clear sky
613,Hikari,JP,33.955,131.95,78.78,93,30,8.28,scattered clouds
614,Fare,PF,-16.7,-151.0167,78.3,75,5,15.39,light rain
615,Cortez,US,37.3489,-108.5859,65.16,55,75,10.36,broken clouds
616,Central Point,US,42.376,-122.9164,89.17,28,0,1.99,clear sky
617,Santa Luzia,BR,-19.7697,-43.8514,83.48,43,20,3.44,few clouds
618,Tessalit,ML,20.1986,1.0114,89.35,11,0,10.78,clear sky
619,Solnechnyy,RU,50.7214,136.6319,31.12,93,100,8.93,light snow
620,Turinskaya Sloboda,RU,57.6232,64.3858,49.73,83,100,10.36,overcast clouds
621,Yining,CN,29.0361,114.5636,74.79,74,30,3.8,scattered clouds
622,Mandera,KE,3.9366,41.867,79.0,50,35,20.76,scattered clouds
623,Imeni Poliny Osipenko,RU,52.4201,136.4853,32.58,55,100,14.2,overcast clouds
624,Ganzhou,CN,28.8184,115.4327,80.65,58,62,8.03,broken clouds
625,Fort Smith,US,35.3859,-94.3986,87.39,24,0,3.44,clear sky
626,Port-Gentil,GA,-0.7193,8.7815,78.76,89,75,10.36,broken clouds
627,Puerto Quijarro,BO,-17.7833,-57.7667,86.81,41,67,3.56,broken clouds
628,Sinnamary,GF,5.3833,-52.95,80.28,82,77,10.33,heavy intensity rain
629,Meadow Lake,US,34.8014,-106.5436,76.3,39,68,10.83,broken clouds
630,Nebolchi,RU,59.1239,33.3454,45.14,86,88,10.11,overcast clouds
631,Kiunga,PG,-6.1219,141.2906,76.73,93,84,2.19,broken clouds
632,Aasiaat,GL,68.7098,-52.8699,24.04,92,28,5.88,scattered clouds
633,Ibara,JP,34.6,133.4667,68.58,86,50,0.45,scattered clouds
634,Noumea,NC,-22.2763,166.4572,73.99,99,51,10.04,broken clouds
635,Mobara,JP,35.4167,140.3,73.38,70,69,10.11,broken clouds
636,Onalaska,US,43.8844,-91.2351,72.07,55,0,8.05,clear sky
637,Laguna,US,38.421,-121.4238,88.32,41,0,4.61,clear sky
638,Praia,CV,14.9215,-23.5087,79.34,83,75,10.36,broken clouds
639,Algiers,DZ,36.7525,3.042,78.62,47,75,3.44,broken clouds
640,Pundaguitan,PH,6.3711,126.1689,82.04,74,100,10.22,overcast clouds
641,Port Augusta,AU,-32.5,137.7667,72.03,37,98,9.42,light rain
642,Avera,US,33.194,-82.5271,73.54,46,49,9.4,scattered clouds
643,Mumbwa,ZM,-14.9783,27.0619,71.82,30,0,6.49,clear sky
644,Nelson Bay,AU,-32.7167,152.15,57.0,87,46,8.01,scattered clouds
645,Akdepe,TM,42.0551,59.3788,44.69,31,1,9.51,clear sky
646,Lixourion,GR,38.2019,20.4314,69.87,78,78,15.1,broken clouds
647,Nara,JP,34.6851,135.8049,73.49,58,73,2.66,broken clouds
648,Iranshahr,IR,27.2025,60.6848,86.34,30,0,0.0,clear sky
649,La Ronge,CA,55.1001,-105.2842,59.25,33,20,2.3,smoke
650,Amberley,US,39.2048,-84.428,69.94,39,0,11.5,clear sky
651,Sakakah,SA,29.9697,40.2064,80.17,17,0,6.2,clear sky
652,College,US,64.8569,-147.8028,46.38,82,75,6.91,broken clouds
653,Avallon,FR,47.4833,3.9,49.23,89,85,3.31,overcast clouds
654,Garner,US,35.7113,-78.6142,65.23,69,32,1.99,scattered clouds
655,Liuzhou,CN,24.3126,109.3892,77.5,84,5,1.12,clear sky
656,Saint-Joseph,RE,-21.3667,55.6167,70.18,80,38,9.37,scattered clouds
657,Hashtrud,IR,37.4779,47.0508,57.33,28,55,2.33,broken clouds
658,Bhimunipatnam,IN,17.8833,83.4333,79.32,84,100,5.03,very heavy rain
659,Vondrozo,MG,-22.8167,47.2833,60.71,96,29,0.83,scattered clouds
660,Cedral,MX,23.8,-100.7333,70.29,32,100,7.56,overcast clouds
661,Narsaq,GL,60.9167,-46.05,37.62,67,44,0.96,scattered clouds
662,Hue,VN,16.4667,107.6,77.11,88,20,3.44,few clouds
663,Yazman,PK,29.1212,71.7446,84.43,29,0,9.71,clear sky
664,Boali,CF,4.8005,18.1275,69.01,97,100,2.21,overcast clouds
665,Sao Desiderio,BR,-12.3633,-44.9733,85.86,34,88,5.01,overcast clouds
666,Mbale,UG,1.0821,34.175,63.93,92,100,3.42,light rain
667,Lasa,IT,46.6166,10.7002,56.28,67,79,4.36,broken clouds
668,Verkhoyansk,RU,67.5447,133.385,19.22,97,97,2.46,overcast clouds
669,Vanimo,PG,-2.6741,141.3028,78.21,89,76,6.96,broken clouds
670,Vokhtoga,RU,58.8147,41.0461,47.48,84,66,10.25,broken clouds
671,Buala,SB,-8.145,159.5921,82.42,76,96,9.13,light rain
672,Mizdah,LY,31.4451,12.9801,67.93,68,100,3.4,overcast clouds
673,Aksarka,RU,66.5606,67.7975,34.52,92,85,10.98,overcast clouds
674,Santa Quiteria,BR,-4.3319,-40.1567,87.24,29,15,5.73,few clouds
675,Maneadero,MX,31.7167,-116.5667,69.1,85,19,3.0,few clouds
676,Grand Gaube,MU,-20.0064,57.6608,70.38,68,44,5.01,scattered clouds
677,Preobrazheniye,RU,42.9019,133.9064,46.15,73,100,12.44,moderate rain
678,Linhares,BR,-19.3911,-40.0722,76.42,76,98,6.82,overcast clouds
679,Sri Aman,MY,1.2376,111.4621,75.25,94,100,0.0,overcast clouds
680,Yemelyanovo,RU,56.1681,92.6767,24.08,93,0,2.24,clear sky
681,Trinidad,BO,-14.8333,-64.9,93.18,43,20,4.61,few clouds
682,Oudtshoorn,ZA,-33.5907,22.2014,57.56,68,100,4.99,overcast clouds
